"","seed1","team1","seed2","team2","score1","score2","winner","region","year","Conf_team1","W_team1","L_team1","PPG_team1","PPG_Allowed_team1","Pace_team1","MOV_team1","SOS_team1","OSRS_team1","DSRS_team1","Adj_ORtg_team1","Adj_DRtg_team1","Conf_team2","W_team2","L_team2","PPG_team2","PPG_Allowed_team2","Pace_team2","MOV_team2","SOS_team2","OSRS_team2","DSRS_team2","Adj_ORtg_team2","Adj_DRtg_team2"
"1",1,"UConn",16,"Stetson",91,52,"UConn","region1",2024,"Big East",37,3,81.4,63.4,66,18,8.7,12.04,14.67,127.65,89.05,"A-Sun",22,13,76.8,73.3,67.5,3.46,-3.24,-0.77,-4.31,107.27,114.59
"2",8,"Florida Atlantic",9,"Northwestern",65,77,"Northwestern","region1",2024,"AAC",25,9,82,73.4,69.1,8.65,4.61,11.07,2.19,118.32,99.36,"Big Ten",22,12,73.3,69.1,64.8,4.26,8.5,4.74,8.03,116.38,97.73
"3",5,"San Diego State",12,"UAB",69,65,"San Diego State","region1",2024,"MWC",26,11,74.1,66.7,67,7.43,8.37,4.78,9.9,113.41,92.17,"AAC",23,12,77.5,75.1,68.7,2.4,3.73,5.85,-0.71,111.8,104.45
"4",4,"Auburn",13,"Yale",76,78,"Yale","region1",2024,"SEC",27,8,83.1,68.3,70.9,14.8,7.66,13.48,8.98,121.57,90.09,"Ivy",23,10,74.7,67.5,66.1,7.24,0.41,0.18,4.45,108.51,101.46
"5",6,"BYU",11,"Duquesne",67,71,"Duquesne","region1",2024,"Big 12",23,11,81.4,69.9,69.9,11.47,7.86,13.05,6.28,121.51,94.14,"A-10",25,12,70.6,66.7,66.9,3.89,4.68,-0.49,7.84,107.08,96.48
"6",3,"Illinois",14,"Morehead State",85,69,"Illinois","region1",2024,"Big Ten",29,9,83.4,73.3,70.1,10.03,9.54,16.22,3.34,124.46,96.86,"OVC",26,9,75.3,63.4,66.2,11.86,-5.52,-3.49,4.01,106.08,104.04
"7",7,"Washington State",10,"Drake",66,61,"Washington State","region1",2024,"Pac-12",25,10,73.5,66.7,66.4,6.83,7.19,3.38,10.63,114.4,94.35,"MVC",28,7,79.9,70.4,68.4,9.54,1.84,8.12,2.96,115.2,99.18
"8",2,"Iowa State",15,"South Dakota State",82,65,"Iowa State","region1",2024,"Big 12",29,8,75.3,61.5,67.9,13.78,8.51,7.34,14.96,116.88,84.75,"Summit",22,13,76.4,71.1,68.6,5.29,-2.7,1.36,-0.84,107.29,105.79
"9",1,"UConn",9,"Northwestern",75,58,"UConn","region1",2024,"Big East",37,3,81.4,63.4,66,18,8.7,12.04,14.67,127.65,89.05,"Big Ten",22,12,73.3,69.1,64.8,4.26,8.5,4.74,8.03,116.38,97.73
"10",5,"San Diego State",13,"Yale",85,57,"San Diego State","region1",2024,"MWC",26,11,74.1,66.7,67,7.43,8.37,4.78,9.9,113.41,92.17,"Ivy",23,10,74.7,67.5,66.1,7.24,0.41,0.18,4.45,108.51,101.46
"11",11,"Duquesne",3,"Illinois",63,89,"Illinois","region1",2024,"A-10",25,12,70.6,66.7,66.9,3.89,4.68,-0.49,7.84,107.08,96.48,"Big Ten",29,9,83.4,73.3,70.1,10.03,9.54,16.22,3.34,124.46,96.86
"12",7,"Washington State",2,"Iowa State",56,67,"Iowa State","region1",2024,"Pac-12",25,10,73.5,66.7,66.4,6.83,7.19,3.38,10.63,114.4,94.35,"Big 12",29,8,75.3,61.5,67.9,13.78,8.51,7.34,14.96,116.88,84.75
"13",1,"UConn",5,"San Diego State",82,52,"UConn","region1",2024,"Big East",37,3,81.4,63.4,66,18,8.7,12.04,14.67,127.65,89.05,"MWC",26,11,74.1,66.7,67,7.43,8.37,4.78,9.9,113.41,92.17
"14",3,"Illinois",2,"Iowa State",72,69,"Illinois","region1",2024,"Big Ten",29,9,83.4,73.3,70.1,10.03,9.54,16.22,3.34,124.46,96.86,"Big 12",29,8,75.3,61.5,67.9,13.78,8.51,7.34,14.96,116.88,84.75
"15",1,"UConn",3,"Illinois",77,52,"UConn","region1",2024,"Big East",37,3,81.4,63.4,66,18,8.7,12.04,14.67,127.65,89.05,"Big Ten",29,9,83.4,73.3,70.1,10.03,9.54,16.22,3.34,124.46,96.86
"16",1,"Purdue",16,"Grambling",78,50,"Purdue","region2",2024,"Big Ten",34,5,82.3,69,68.3,13.33,11.6,14.65,10.29,126.62,91.31,"SWAC",21,15,67.7,69.6,66.9,-1.94,-5.48,-9.44,-0.19,96.11,109.64
"17",8,"Utah State",9,"TCU",88,72,"Utah State","region2",2024,"MWC",28,7,79.7,71.3,69.3,8.31,5.29,9.2,2.36,115.37,98.68,"Big 12",21,13,79,71.7,70.6,7.29,7.32,10.56,4.06,114.88,94.91
"18",5,"Gonzaga",12,"McNeese State",86,65,"Gonzaga","region2",2024,"WCC",27,8,84.5,69.1,69.8,15.4,4.02,12.87,5.06,122.62,97.22,"Southland",30,4,80,62.2,67.6,17.74,-6.81,1.46,4.96,113.18,102.58
"19",4,"Kansas",13,"Samford",93,89,"Kansas","region2",2024,"Big 12",23,11,75.6,69.9,69.9,5.68,11.32,8.37,7.99,115.37,92.19,"Southern",29,6,86.1,74.5,74.4,11.57,-3.23,10.58,-4.26,112.06,104.02
"20",6,"South Carolina",11,"Oregon",73,87,"Oregon","region2",2024,"SEC",26,8,72.1,67.6,64.8,4.5,6.48,1.62,9.36,114.07,97.96,"Pac-12",24,12,75.6,72.3,68.3,3.31,8.91,6.7,5.52,115.32,97.8
"21",3,"Creighton",14,"Akron",77,60,"Creighton","region2",2024,"Big East",25,10,80.4,69.9,67.6,10.54,9.53,12.41,7.66,122.98,94.05,"MAC",24,11,73.6,66.2,66.9,7.46,-2.08,-2.24,5,105.6,101.54
"22",7,"Texas",10,"Colorado State",56,44,"Texas","region2",2024,"Big 12",21,13,75.4,68.9,68.2,6.5,9.41,7.62,8.28,116.41,93.36,"MWC",25,11,75.2,67.3,66.7,7.92,7.28,4.71,8.69,115.56,96.01
"23",2,"Tennessee",15,"St. Peter's",83,49,"Tennessee","region2",2024,"SEC",27,9,78.8,67.4,70.3,11.39,10.42,9.93,11.88,117.86,87.09,"MAAC",19,14,64.8,64,65.4,0.82,-5.33,-10.24,5.67,95.85,102.2
"24",1,"Purdue",8,"Utah State",106,67,"Purdue","region2",2024,"Big Ten",34,5,82.3,69,68.3,13.33,11.6,14.65,10.29,126.62,91.31,"MWC",28,7,79.7,71.3,69.3,8.31,5.29,9.2,2.36,115.37,98.68
"25",5,"Gonzaga",4,"Kansas",89,68,"Gonzaga","region2",2024,"WCC",27,8,84.5,69.1,69.8,15.4,4.02,12.87,5.06,122.62,97.22,"Big 12",23,11,75.6,69.9,69.9,5.68,11.32,8.37,7.99,115.37,92.19
"26",11,"Oregon",3,"Creighton",73,86,"Creighton","region2",2024,"Pac-12",24,12,75.6,72.3,68.3,3.31,8.91,6.7,5.52,115.32,97.8,"Big East",25,10,80.4,69.9,67.6,10.54,9.53,12.41,7.66,122.98,94.05
"27",7,"Texas",2,"Tennessee",58,62,"Tennessee","region2",2024,"Big 12",21,13,75.4,68.9,68.2,6.5,9.41,7.62,8.28,116.41,93.36,"SEC",27,9,78.8,67.4,70.3,11.39,10.42,9.93,11.88,117.86,87.09
"28",1,"Purdue",5,"Gonzaga",80,68,"Purdue","region2",2024,"Big Ten",34,5,82.3,69,68.3,13.33,11.6,14.65,10.29,126.62,91.31,"WCC",27,8,84.5,69.1,69.8,15.4,4.02,12.87,5.06,122.62,97.22
"29",3,"Creighton",2,"Tennessee",75,82,"Tennessee","region2",2024,"Big East",25,10,80.4,69.9,67.6,10.54,9.53,12.41,7.66,122.98,94.05,"SEC",27,9,78.8,67.4,70.3,11.39,10.42,9.93,11.88,117.86,87.09
"30",1,"Purdue",2,"Tennessee",72,66,"Purdue","region2",2024,"Big Ten",34,5,82.3,69,68.3,13.33,11.6,14.65,10.29,126.62,91.31,"SEC",27,9,78.8,67.4,70.3,11.39,10.42,9.93,11.88,117.86,87.09
"31",1,"Houston",16,"Longwood",86,46,"Houston","region3",2024,"Big 12",32,5,73.5,57.6,64.1,15.89,9.8,6.19,19.5,120.4,81.96,"Big South",21,14,74.7,68.5,67.9,6.26,-4.76,-2.59,0.55,103.26,106.03
"32",8,"Nebraska",9,"Texas A&M",83,98,"Texas A&M","region3",2024,"Big Ten",23,11,77.7,70.9,69.4,6.82,7.53,9.11,5.24,115.91,95.53,"SEC",21,15,76,72,67.8,4.03,9.32,6.79,6.56,116.92,97.32
"33",5,"Wisconsin",12,"James Madison",61,72,"James Madison","region3",2024,"Big Ten",22,14,74.7,70,66,4.67,11.35,7.97,8.05,120.15,96.34,"Sun Belt",32,4,83.2,69.6,71.6,13.58,-3.75,7.33,0.87,111.21,100.04
"34",4,"Duke",13,"Vermont",64,47,"Duke","region3",2024,"ACC",27,9,78.6,66.3,67.1,12.31,8.36,10.4,10.27,122.91,92.47,"AEC",28,7,71.6,63,65.4,8.6,-3.31,-5.3,8.08,104.97,100.48
"35",6,"Texas Tech",11,"NC State",67,80,"NC State","region3",2024,"Big 12",23,11,75.3,69.6,67.2,5.68,9.28,7.52,7.44,118.26,96.41,"ACC",26,15,75.6,71.8,68.5,3.88,8.93,7.53,5.28,114.96,96.71
"36",3,"Kentucky",14,"Oakland",76,80,"Oakland","region3",2024,"SEC",23,10,89,79.7,73.9,9.33,7.46,19.16,-2.37,122.17,99.28,"Horizon",24,12,76.4,73.2,68,3.25,-1.24,1.43,0.58,108.08,105.28
"37",7,"Florida",10,"Colorado",100,102,"Colorado","region3",2024,"SEC",24,12,85.6,79.2,73.1,6.36,8.81,16.32,-1.15,119.81,98.89,"Pac-12",26,11,79.3,71.7,69,7.59,8.36,10.09,5.86,118.9,96.38
"38",2,"Marquette",15,"Western Kentucky",87,69,"Marquette","region3",2024,"Big East",27,10,78.1,69.8,69.4,8.24,11.02,11.1,8.16,119.62,92.61,"CUSA",22,12,80.2,74.4,76,5.79,-2.91,5.91,-4.72,103.19,101.76
"39",1,"Houston",9,"Texas A&M",100,95,"Houston","region3",2024,"Big 12",32,5,73.5,57.6,64.1,15.89,9.8,6.19,19.5,120.4,81.96,"SEC",21,15,76,72,67.8,4.03,9.32,6.79,6.56,116.92,97.32
"40",12,"James Madison",4,"Duke",55,93,"Duke","region3",2024,"Sun Belt",32,4,83.2,69.6,71.6,13.58,-3.75,7.33,0.87,111.21,100.04,"ACC",27,9,78.6,66.3,67.1,12.31,8.36,10.4,10.27,122.91,92.47
"41",11,"NC State",14,"Oakland",79,73,"NC State","region3",2024,"ACC",26,15,75.6,71.8,68.5,3.88,8.93,7.53,5.28,114.96,96.71,"Horizon",24,12,76.4,73.2,68,3.25,-1.24,1.43,0.58,108.08,105.28
"42",10,"Colorado",2,"Marquette",77,81,"Marquette","region3",2024,"Pac-12",26,11,79.3,71.7,69,7.59,8.36,10.09,5.86,118.9,96.38,"Big East",27,10,78.1,69.8,69.4,8.24,11.02,11.1,8.16,119.62,92.61
"43",1,"Houston",4,"Duke",51,54,"Duke","region3",2024,"Big 12",32,5,73.5,57.6,64.1,15.89,9.8,6.19,19.5,120.4,81.96,"ACC",27,9,78.6,66.3,67.1,12.31,8.36,10.4,10.27,122.91,92.47
"44",11,"NC State",2,"Marquette",67,58,"NC State","region3",2024,"ACC",26,15,75.6,71.8,68.5,3.88,8.93,7.53,5.28,114.96,96.71,"Big East",27,10,78.1,69.8,69.4,8.24,11.02,11.1,8.16,119.62,92.61
"45",4,"Duke",11,"NC State",64,76,"NC State","region3",2024,"ACC",27,9,78.6,66.3,67.1,12.31,8.36,10.4,10.27,122.91,92.47,"ACC",26,15,75.6,71.8,68.5,3.88,8.93,7.53,5.28,114.96,96.71
"46",1,"UNC",16,"Wagner",90,62,"UNC","region4",2024,"ACC",29,8,81.9,70.5,71.3,11.46,9.9,14.07,7.29,120.54,90.49,"NEC",17,16,63.7,63.1,63,0.61,-8.58,-14.19,3.55,93.7,108.84
"47",8,"Mississippi State",9,"Michigan State",51,69,"Michigan State","region4",2024,"SEC",21,14,74.1,69.1,68.7,5.03,9.16,4.65,9.54,112.76,92.94,"Big Ten",20,15,72.9,66.1,66.4,6.83,10.89,4.42,13.3,115.32,90.23
"48",5,"Saint Mary's",12,"Grand Canyon",66,75,"Grand Canyon","region4",2024,"WCC",26,8,74,59.2,63.8,14.79,3.46,1.55,14.77,115.39,90.41,"WAC",30,5,79.1,67,69.8,12.09,-0.52,5.21,5.24,111.56,96.28
"49",4,"Alabama",13,"College of Charleston",109,96,"Alabama","region4",2024,"SEC",25,12,90.1,81.2,73.9,8.89,11.8,21.71,-1.02,126.91,98.07,"CAA",27,8,80.9,73.6,70.4,7.34,-2.38,7.26,-3.17,111.5,105.39
"50",6,"Clemson",11,"New Mexico",77,56,"Clemson","region4",2024,"ACC",24,12,77.4,71.2,67.8,6.17,10.04,8.11,8.1,118.69,95.62,"MWC",26,10,81,70.7,72.5,10.31,5.38,11.78,3.26,113.9,93.19
"51",3,"Baylor",14,"Colgate",92,67,"Baylor","region4",2024,"Big 12",24,11,80.4,71.1,66.8,9.29,10.71,12.88,6.62,125.34,97.03,"Patriot",25,10,71.4,64.1,66.4,7.31,-5.55,-3.9,3.59,102.85,103.07
"52",7,"Dayton",10,"Nevada",63,60,"Dayton","region4",2024,"A-10",25,8,74.2,66.5,64.8,7.73,5.73,4.96,8.49,118.29,98.15,"MWC",26,8,75.9,66.9,66.9,9,4.58,5.41,7.44,114.47,95.82
"53",2,"Arizona",15,"Long Beach State",85,65,"Arizona","region4",2024,"Pac-12",27,9,87.1,72.1,73.3,15.08,9.45,18.59,5.95,122.12,89.17,"Big West",21,15,77.4,76,72.9,1.42,-1.19,3.92,-5.11,104.65,106.32
"54",1,"UNC",9,"Michigan State",85,69,"UNC","region4",2024,"ACC",29,8,81.9,70.5,71.3,11.46,9.9,14.07,7.29,120.54,90.49,"Big Ten",20,15,72.9,66.1,66.4,6.83,10.89,4.42,13.3,115.32,90.23
"55",12,"Grand Canyon",4,"Alabama",61,72,"Alabama","region4",2024,"WAC",30,5,79.1,67,69.8,12.09,-0.52,5.21,5.24,111.56,96.28,"SEC",25,12,90.1,81.2,73.9,8.89,11.8,21.71,-1.02,126.91,98.07
"56",6,"Clemson",3,"Baylor",72,64,"Clemson","region4",2024,"ACC",24,12,77.4,71.2,67.8,6.17,10.04,8.11,8.1,118.69,95.62,"Big 12",24,11,80.4,71.1,66.8,9.29,10.71,12.88,6.62,125.34,97.03
"57",7,"Dayton",2,"Arizona",68,78,"Arizona","region4",2024,"A-10",25,8,74.2,66.5,64.8,7.73,5.73,4.96,8.49,118.29,98.15,"Pac-12",27,9,87.1,72.1,73.3,15.08,9.45,18.59,5.95,122.12,89.17
"58",1,"UNC",4,"Alabama",87,89,"Alabama","region4",2024,"ACC",29,8,81.9,70.5,71.3,11.46,9.9,14.07,7.29,120.54,90.49,"SEC",25,12,90.1,81.2,73.9,8.89,11.8,21.71,-1.02,126.91,98.07
"59",6,"Clemson",2,"Arizona",77,72,"Clemson","region4",2024,"ACC",24,12,77.4,71.2,67.8,6.17,10.04,8.11,8.1,118.69,95.62,"Pac-12",27,9,87.1,72.1,73.3,15.08,9.45,18.59,5.95,122.12,89.17
"60",4,"Alabama",6,"Clemson",89,82,"Alabama","region4",2024,"SEC",25,12,90.1,81.2,73.9,8.89,11.8,21.71,-1.02,126.91,98.07,"ACC",24,12,77.4,71.2,67.8,6.17,10.04,8.11,8.1,118.69,95.62
"61",1,"UConn",4,"Alabama",86,72,"UConn","final four",2024,"Big East",37,3,81.4,63.4,66,18,8.7,12.04,14.67,127.65,89.05,"SEC",25,12,90.1,81.2,73.9,8.89,11.8,21.71,-1.02,126.91,98.07
"62",1,"Purdue",11,"NC State",63,50,"Purdue","final four",2024,"Big Ten",34,5,82.3,69,68.3,13.33,11.6,14.65,10.29,126.62,91.31,"ACC",26,15,75.6,71.8,68.5,3.88,8.93,7.53,5.28,114.96,96.71
"63",1,"UConn",1,"Purdue",75,60,"UConn","championship",2024,"Big East",37,3,81.4,63.4,66,18,8.7,12.04,14.67,127.65,89.05,"Big Ten",34,5,82.3,69,68.3,13.33,11.6,14.65,10.29,126.62,91.31
"64",1,"Purdue",16,"FDU",58,63,"FDU","region1",2023,"Big Ten",34,5,82.3,69,64.2,13.33,11.6,14.65,10.29,126.62,91.31,"NEC",15,17,75.9,77.6,69.8,-1.63,-9.27,-2.63,-11.77,94.26,113.97
"65",8,"Memphis",9,"Florida Atlantic",65,66,"Florida Atlantic","region1",2023,"AAC",22,10,80.5,75.8,72.2,4.75,4.25,9.94,-0.95,112.77,100.09,"AAC",25,9,82,73.4,68.5,8.65,4.61,11.07,2.19,118.32,99.36
"66",5,"Duke",12,"Oral Roberts",74,51,"Duke","region1",2023,"ACC",27,9,78.6,66.3,65.5,12.31,8.36,10.4,10.27,122.91,92.47,"Summit",12,19,73.4,75.3,71.5,-1.9,-2.6,-2.65,-4.78,101.71,112.29
"67",4,"Tennessee",13,"Louisiana",58,55,"Tennessee","region1",2023,"SEC",27,9,78.8,67.4,65.9,11.39,10.42,9.93,11.88,117.86,87.09,"Sun Belt",19,14,75.9,71.7,69.2,4.21,-2.67,-0.51,-0.09,104.02,104.49
"68",6,"Kentucky",11,"Providence",61,53,"Kentucky","region1",2023,"SEC",23,10,89,79.7,66.8,9.33,7.46,19.16,-2.37,122.17,99.28,"Big East",21,14,72.4,68.8,68.2,3.63,8.93,3.51,9.05,109.25,91.75
"69",3,"Kansas State",14,"Montana State",77,65,"Kansas State","region1",2023,"Big 12",19,15,72.2,71.1,70.5,1.09,9.97,4.57,6.49,109.81,93.87,"Big Sky",17,18,75.3,74.5,67.9,0.83,-4.46,-1.15,-4.18,101.63,108.95
"70",7,"Michigan State",10,"USC",72,62,"Michigan State","region1",2023,"Big Ten",20,15,72.9,66.1,65.4,6.83,10.89,4.42,13.3,115.32,90.23,"Pac-12",15,18,74.1,74.3,68.3,-0.18,9.54,5.46,3.9,110.79,97.76
"71",2,"Marquette",15,"Vermont",78,61,"Marquette","region1",2023,"Big East",27,10,78.1,69.8,69.3,8.24,11.02,11.1,8.16,119.62,92.61,"AEC",28,7,71.6,63,65.5,8.6,-3.31,-5.3,8.08,104.97,100.48
"72",16,"FDU",9,"Florida Atlantic",70,78,"Florida Atlantic","region1",2023,"NEC",15,17,75.9,77.6,69.8,-1.63,-9.27,-2.63,-11.77,94.26,113.97,"AAC",25,9,82,73.4,68.5,8.65,4.61,11.07,2.19,118.32,99.36
"73",5,"Duke",4,"Tennessee",52,65,"Tennessee","region1",2023,"ACC",27,9,78.6,66.3,65.5,12.31,8.36,10.4,10.27,122.91,92.47,"SEC",27,9,78.8,67.4,65.9,11.39,10.42,9.93,11.88,117.86,87.09
"74",6,"Kentucky",3,"Kansas State",69,75,"Kansas State","region1",2023,"SEC",23,10,89,79.7,66.8,9.33,7.46,19.16,-2.37,122.17,99.28,"Big 12",19,15,72.2,71.1,70.5,1.09,9.97,4.57,6.49,109.81,93.87
"75",7,"Michigan State",2,"Marquette",69,60,"Michigan State","region1",2023,"Big Ten",20,15,72.9,66.1,65.4,6.83,10.89,4.42,13.3,115.32,90.23,"Big East",27,10,78.1,69.8,69.3,8.24,11.02,11.1,8.16,119.62,92.61
"76",9,"Florida Atlantic",4,"Tennessee",62,55,"Florida Atlantic","region1",2023,"AAC",25,9,82,73.4,68.5,8.65,4.61,11.07,2.19,118.32,99.36,"SEC",27,9,78.8,67.4,65.9,11.39,10.42,9.93,11.88,117.86,87.09
"77",3,"Kansas State",7,"Michigan State",98,93,"Kansas State","region1",2023,"Big 12",19,15,72.2,71.1,70.5,1.09,9.97,4.57,6.49,109.81,93.87,"Big Ten",20,15,72.9,66.1,65.4,6.83,10.89,4.42,13.3,115.32,90.23
"78",9,"Florida Atlantic",3,"Kansas State",79,76,"Florida Atlantic","region1",2023,"AAC",25,9,82,73.4,68.5,8.65,4.61,11.07,2.19,118.32,99.36,"Big 12",19,15,72.2,71.1,70.5,1.09,9.97,4.57,6.49,109.81,93.87
"79",1,"Houston",16,"Northern Kentucky",63,52,"Houston","region2",2023,"Big 12",32,5,73.5,57.6,64.8,15.89,9.8,6.19,19.5,120.4,81.96,"Horizon",18,15,74.8,73.2,63.5,1.64,-3.73,-1.8,-1.86,100.87,106.23
"80",8,"Iowa",9,"Auburn",75,83,"Auburn","region2",2023,"Big Ten",19,15,83.1,79.4,69.6,3.74,9.26,14.77,-1.77,119.89,102.2,"SEC",27,8,83.1,68.3,68.7,14.8,7.66,13.48,8.98,121.57,90.09
"81",5,"Miami (FL)",12,"Drake",63,56,"Miami (FL)","region2",2023,"ACC",15,17,75.8,73.6,68.9,2.13,7.46,6.47,3.12,111.9,99.4,"MVC",28,7,79.9,70.4,67,9.54,1.84,8.12,2.96,115.2,99.18
"82",4,"Indiana",13,"Kent State",71,60,"Indiana","region2",2023,"Big Ten",19,14,72.3,74.3,68.4,-2,9.74,3.98,3.76,110.01,98.89,"MAC",17,17,74.8,71.3,69.7,3.53,-2.54,-0.17,-0.59,105.61,106.29
"83",6,"Iowa State",11,"Pitt",41,59,"Pitt","region2",2023,"Big 12",29,8,75.3,61.5,65.7,13.78,8.51,7.34,14.96,116.88,84.75,"ACC",22,11,75.6,67.6,68.1,7.97,6.92,5.9,8.99,116.68,95.64
"84",3,"Xavier",14,"Kennesaw State",72,67,"Xavier","region2",2023,"Big East",16,18,75.9,74.6,72,1.21,11.03,8.72,3.52,112.69,95.13,"A-Sun",15,16,82.8,80.8,69.8,2.06,-5.84,5.12,-13.14,101.7,112.56
"85",7,"Texas A&M",10,"Penn State",59,76,"Penn State","region2",2023,"SEC",21,15,76,72,67.1,4.03,9.32,6.79,6.56,116.92,97.32,"Big Ten",16,17,75.1,73.4,64.4,1.7,7.52,6.5,2.72,111.19,98.1
"86",2,"Texas",15,"Colgate",81,61,"Texas","region2",2023,"Big 12",21,13,75.4,68.9,70.1,6.5,9.41,7.62,8.28,116.41,93.36,"Patriot",25,10,71.4,64.1,68.2,7.31,-5.55,-3.9,3.59,102.85,103.07
"87",1,"Houston",9,"Auburn",81,64,"Houston","region2",2023,"Big 12",32,5,73.5,57.6,64.8,15.89,9.8,6.19,19.5,120.4,81.96,"SEC",27,8,83.1,68.3,68.7,14.8,7.66,13.48,8.98,121.57,90.09
"88",5,"Miami (FL)",4,"Indiana",85,69,"Miami (FL)","region2",2023,"ACC",15,17,75.8,73.6,68.9,2.13,7.46,6.47,3.12,111.9,99.4,"Big Ten",19,14,72.3,74.3,68.4,-2,9.74,3.98,3.76,110.01,98.89
"89",11,"Pitt",3,"Xavier",73,84,"Xavier","region2",2023,"ACC",22,11,75.6,67.6,68.1,7.97,6.92,5.9,8.99,116.68,95.64,"Big East",16,18,75.9,74.6,72,1.21,11.03,8.72,3.52,112.69,95.13
"90",10,"Penn State",2,"Texas",66,71,"Texas","region2",2023,"Big Ten",16,17,75.1,73.4,64.4,1.7,7.52,6.5,2.72,111.19,98.1,"Big 12",21,13,75.4,68.9,70.1,6.5,9.41,7.62,8.28,116.41,93.36
"91",1,"Houston",5,"Miami (FL)",75,89,"Miami (FL)","region2",2023,"Big 12",32,5,73.5,57.6,64.8,15.89,9.8,6.19,19.5,120.4,81.96,"ACC",15,17,75.8,73.6,68.9,2.13,7.46,6.47,3.12,111.9,99.4
"92",3,"Xavier",2,"Texas",71,83,"Texas","region2",2023,"Big East",16,18,75.9,74.6,72,1.21,11.03,8.72,3.52,112.69,95.13,"Big 12",21,13,75.4,68.9,70.1,6.5,9.41,7.62,8.28,116.41,93.36
"93",5,"Miami (FL)",2,"Texas",88,81,"Miami (FL)","region2",2023,"ACC",15,17,75.8,73.6,68.9,2.13,7.46,6.47,3.12,111.9,99.4,"Big 12",21,13,75.4,68.9,70.1,6.5,9.41,7.62,8.28,116.41,93.36
"94",1,"Alabama",16,"Texas A&M-Corpus Christi",96,75,"Alabama","region3",2023,"SEC",25,12,90.1,81.2,72.6,8.89,11.8,21.71,-1.02,126.91,98.07,"Southland",21,12,75.2,66.7,71.7,8.48,-7.24,-4.79,0.34,97.68,102.84
"95",8,"Maryland",9,"West Virginia",67,65,"Maryland","region3",2023,"Big Ten",16,17,69,65.9,64.5,3.15,7.44,0.07,10.53,107.55,92.75,"Big 12",9,23,69.8,76.8,69.6,-7.03,10.76,3.46,0.27,109.17,103.74
"96",5,"San Diego State",12,"College of Charleston",63,57,"San Diego State","region3",2023,"MWC",26,11,74.1,66.7,66.6,7.43,8.37,4.78,9.9,113.41,92.17,"CAA",27,8,80.9,73.6,70.7,7.34,-2.38,7.26,-3.17,111.5,105.39
"97",4,"Virginia",13,"Furman",67,68,"Furman","region3",2023,"ACC",23,11,62.9,59.8,62.5,3.15,7.31,-6.89,17.35,105.99,90.47,"Southern",17,16,79.5,75.9,69.4,3.55,-1.93,4.03,-3.83,107.48,107.04
"98",6,"Creighton",11,"NC State",72,63,"Creighton","region3",2023,"Big East",25,10,80.4,69.9,69.3,10.54,9.53,12.41,7.66,122.98,94.05,"ACC",26,15,75.6,71.8,69.8,3.88,8.93,7.53,5.28,114.96,96.71
"99",3,"Baylor",14,"UCSB",74,56,"Baylor","region3",2023,"Big 12",24,11,80.4,71.1,67.8,9.29,10.71,12.88,6.62,125.34,97.03,"Big West",16,15,75.4,73.5,65.5,1.84,-3.01,-0.45,-2.73,104.62,109.22
"100",7,"Missouri",10,"Utah State",76,65,"Missouri","region3",2023,"SEC",8,24,72.2,76.2,70,-4.03,7.3,1.44,1.83,108.69,104.15,"MWC",28,7,79.7,71.3,69.2,8.31,5.29,9.2,2.36,115.37,98.68
"101",2,"Arizona",15,"Princeton",55,59,"Princeton","region3",2023,"Pac-12",27,9,87.1,72.1,72.7,15.08,9.45,18.59,5.95,122.12,89.17,"Ivy",24,5,77.1,66.6,69,10.45,-1.6,3.46,3.09,115.9,105.39
"102",1,"Alabama",8,"Maryland",73,51,"Alabama","region3",2023,"SEC",25,12,90.1,81.2,72.6,8.89,11.8,21.71,-1.02,126.91,98.07,"Big Ten",16,17,69,65.9,64.5,3.15,7.44,0.07,10.53,107.55,92.75
"103",5,"San Diego State",13,"Furman",75,52,"San Diego State","region3",2023,"MWC",26,11,74.1,66.7,66.6,7.43,8.37,4.78,9.9,113.41,92.17,"Southern",17,16,79.5,75.9,69.4,3.55,-1.93,4.03,-3.83,107.48,107.04
"104",6,"Creighton",3,"Baylor",85,76,"Creighton","region3",2023,"Big East",25,10,80.4,69.9,69.3,10.54,9.53,12.41,7.66,122.98,94.05,"Big 12",24,11,80.4,71.1,67.8,9.29,10.71,12.88,6.62,125.34,97.03
"105",7,"Missouri",15,"Princeton",63,78,"Princeton","region3",2023,"SEC",8,24,72.2,76.2,70,-4.03,7.3,1.44,1.83,108.69,104.15,"Ivy",24,5,77.1,66.6,69,10.45,-1.6,3.46,3.09,115.9,105.39
"106",1,"Alabama",5,"San Diego State",64,71,"San Diego State","region3",2023,"SEC",25,12,90.1,81.2,72.6,8.89,11.8,21.71,-1.02,126.91,98.07,"MWC",26,11,74.1,66.7,66.6,7.43,8.37,4.78,9.9,113.41,92.17
"107",6,"Creighton",15,"Princeton",86,75,"Creighton","region3",2023,"Big East",25,10,80.4,69.9,69.3,10.54,9.53,12.41,7.66,122.98,94.05,"Ivy",24,5,77.1,66.6,69,10.45,-1.6,3.46,3.09,115.9,105.39
"108",5,"San Diego State",6,"Creighton",57,56,"San Diego State","region3",2023,"MWC",26,11,74.1,66.7,66.6,7.43,8.37,4.78,9.9,113.41,92.17,"Big East",25,10,80.4,69.9,69.3,10.54,9.53,12.41,7.66,122.98,94.05
"109",1,"Kansas",16,"Howard",92,49,"Stanford","region4",2023,"Big 12",23,11,75.6,69.9,70.2,5.68,11.32,8.37,7.99,115.37,92.19,"MEAC",18,17,74.9,74.3,71.8,0.66,-8.02,-1.15,-7.54,102.68,114.84
"110",8,"Arkansas",9,"Illinois",73,63,"Arkansas","region4",2023,"SEC",16,17,77.8,79.8,70.2,-2.03,8.15,7.46,-1.35,109.7,101.34,"Big Ten",29,9,83.4,73.3,69.5,10.03,9.54,16.22,3.34,124.46,96.86
"111",5,"Saint Mary's",12,"VCU",63,51,"Saint Mary's","region4",2023,"WCC",26,8,74,59.2,63.8,14.79,3.46,1.55,14.77,115.39,90.41,"A-10",24,14,71,66.7,68.3,4.29,4.41,0.79,7.91,109.46,96.6
"112",4,"UConn",13,"Iona",87,63,"UConn","region4",2023,"Big East",37,3,81.4,63.4,68.4,18,8.7,12.04,14.67,127.65,89.05,"MAAC",16,17,71.3,70.6,68.8,0.76,-5.95,-3.76,-1.43,101.49,108.61
"113",6,"TCU",11,"Arizona State",72,70,"TCU","region4",2023,"Big 12",21,13,79,71.7,70.9,7.29,7.32,10.56,4.06,114.88,94.91,"Pac-12",14,18,69,74,69,-4.97,9.55,0.29,4.3,103.75,97.48
"114",3,"Gonzaga",14,"Grand Canyon",82,70,"Gonzaga","region4",2023,"WCC",27,8,84.5,69.1,71.9,15.4,4.02,12.87,5.06,122.62,97.22,"WAC",30,5,79.1,67,66.9,12.09,-0.52,5.21,5.24,111.56,96.28
"115",7,"Northwestern",10,"Boise State",75,67,"Northwestern","region4",2023,"Big Ten",22,12,73.3,69.1,65,4.26,8.5,4.74,8.03,116.38,97.73,"MWC",22,11,75.1,67.3,66.8,7.82,7.35,5.59,7.73,115.69,95.68
"116",2,"UCLA",15,"UNC Asheville",86,53,"UCLA","region4",2023,"Pac-12",16,17,66,65.5,67.2,0.52,7.84,-3.73,11.23,107.73,96.87,"Big South",22,12,78.9,73.1,69.3,5.79,-2.99,0.79,-2.71,105.25,108
"117",1,"Kansas",8,"Arkansas",71,72,"Arkansas","region4",2023,"Big 12",23,11,75.6,69.9,70.2,5.68,11.32,8.37,7.99,115.37,92.19,"SEC",16,17,77.8,79.8,70.2,-2.03,8.15,7.46,-1.35,109.7,101.34
"118",5,"Saint Mary's",4,"UConn",55,70,"UConn","region4",2023,"WCC",26,8,74,59.2,63.8,14.79,3.46,1.55,14.77,115.39,90.41,"Big East",37,3,81.4,63.4,68.4,18,8.7,12.04,14.67,127.65,89.05
"119",6,"TCU",3,"Gonzaga",81,84,"Gonzaga","region4",2023,"Big 12",21,13,79,71.7,70.9,7.29,7.32,10.56,4.06,114.88,94.91,"WCC",27,8,84.5,69.1,71.9,15.4,4.02,12.87,5.06,122.62,97.22
"120",7,"Northwestern",2,"UCLA",63,68,"UCLA","region4",2023,"Big Ten",22,12,73.3,69.1,65,4.26,8.5,4.74,8.03,116.38,97.73,"Pac-12",16,17,66,65.5,67.2,0.52,7.84,-3.73,11.23,107.73,96.87
"121",8,"Arkansas",4,"UConn",65,88,"UConn","region4",2023,"SEC",16,17,77.8,79.8,70.2,-2.03,8.15,7.46,-1.35,109.7,101.34,"Big East",37,3,81.4,63.4,68.4,18,8.7,12.04,14.67,127.65,89.05
"122",3,"Gonzaga",2,"UCLA",79,76,"Gonzaga","region4",2023,"WCC",27,8,84.5,69.1,71.9,15.4,4.02,12.87,5.06,122.62,97.22,"Pac-12",16,17,66,65.5,67.2,0.52,7.84,-3.73,11.23,107.73,96.87
"123",4,"UConn",3,"Gonzaga",82,54,"UConn","region4",2023,"Big East",37,3,81.4,63.4,68.4,18,8.7,12.04,14.67,127.65,89.05,"WCC",27,8,84.5,69.1,71.9,15.4,4.02,12.87,5.06,122.62,97.22
"124",9,"Florida Atlantic",5,"San Diego State",71,72,"San Diego State","final four",2023,"AAC",25,9,82,73.4,68.5,8.65,4.61,11.07,2.19,118.32,99.36,"MWC",26,11,74.1,66.7,66.6,7.43,8.37,4.78,9.9,113.41,92.17
"125",5,"Miami (FL)",4,"UConn",59,72,"UConn","final four",2023,"ACC",15,17,75.8,73.6,68.9,2.13,7.46,6.47,3.12,111.9,99.4,"Big East",37,3,81.4,63.4,68.4,18,8.7,12.04,14.67,127.65,89.05
"126",5,"San Diego State",4,"UConn",59,76,"UConn","championship",2023,"MWC",26,11,74.1,66.7,66.6,7.43,8.37,4.78,9.9,113.41,92.17,"Big East",37,3,81.4,63.4,68.4,18,8.7,12.04,14.67,127.65,89.05
"127",1,"Baylor",16,"Norfolk State",85,49,"Baylor","region1",2022,"Big 12",24,11,80.4,71.1,68.6,9.29,10.71,12.88,6.62,125.34,97.03,"MEAC",24,11,74.5,67.5,70.7,6.97,-7.76,-4.75,-1.01,101.39,109.29
"128",8,"UNC",9,"Marquette",95,63,"UNC","region1",2022,"ACC",29,8,81.9,70.5,70.3,11.46,9.9,14.07,7.29,120.54,90.49,"Big East",27,10,78.1,69.8,71.6,8.24,11.02,11.1,8.16,119.62,92.61
"129",5,"Saint Mary's",12,"Indiana",82,53,"Saint Mary's","region1",2022,"WCC",26,8,74,59.2,65.5,14.79,3.46,1.55,14.77,115.39,90.41,"Big Ten",19,14,72.3,74.3,67.9,-2,9.74,3.98,3.76,110.01,98.89
"130",4,"UCLA",13,"Akron",57,53,"UCLA","region1",2022,"Pac-12",16,17,66,65.5,66.5,0.52,7.84,-3.73,11.23,107.73,96.87,"MAC",24,11,73.6,66.2,64.1,7.46,-2.08,-2.24,5,105.6,101.54
"131",6,"Texas",11,"Virginia Tech",81,73,"Texas","region1",2022,"Big 12",21,13,75.4,68.9,64.5,6.5,9.41,7.62,8.28,116.41,93.36,"ACC",19,15,74.9,71,63.6,3.94,7.97,7.19,4.72,116.44,98.58
"132",3,"Purdue",14,"Yale",78,56,"Purdue","region1",2022,"Big Ten",34,5,82.3,69,66.7,13.33,11.6,14.65,10.29,126.62,91.31,"Ivy",23,10,74.7,67.5,70.3,7.24,0.41,0.18,4.45,108.51,101.46
"133",7,"Murray State",10,"San Francisco",92,87,"Murray State","region1",2022,"MVC",12,20,69.8,69.9,68.3,-0.16,1.59,-2.42,2.79,107.03,106.52,"WCC",23,11,77.7,66.5,70.9,11.21,0.23,3.62,6.06,112.13,97.28
"134",2,"Kentucky",15,"St. Peter's",79,85,"St. Peter's","region1",2022,"SEC",23,10,89,79.7,69.2,9.33,7.46,19.16,-2.37,122.17,99.28,"MAAC",19,14,64.8,64,66.7,0.82,-5.33,-10.24,5.67,95.85,102.2
"135",1,"Baylor",8,"UNC",86,93,"UNC","region1",2022,"Big 12",24,11,80.4,71.1,68.6,9.29,10.71,12.88,6.62,125.34,97.03,"ACC",29,8,81.9,70.5,70.3,11.46,9.9,14.07,7.29,120.54,90.49
"136",5,"Saint Mary's",4,"UCLA",56,72,"UCLA","region1",2022,"WCC",26,8,74,59.2,65.5,14.79,3.46,1.55,14.77,115.39,90.41,"Pac-12",16,17,66,65.5,66.5,0.52,7.84,-3.73,11.23,107.73,96.87
"137",6,"Texas",3,"Purdue",71,81,"Purdue","region1",2022,"Big 12",21,13,75.4,68.9,64.5,6.5,9.41,7.62,8.28,116.41,93.36,"Big Ten",34,5,82.3,69,66.7,13.33,11.6,14.65,10.29,126.62,91.31
"138",7,"Murray State",15,"St. Peter's",60,70,"St. Peter's","region1",2022,"MVC",12,20,69.8,69.9,68.3,-0.16,1.59,-2.42,2.79,107.03,106.52,"MAAC",19,14,64.8,64,66.7,0.82,-5.33,-10.24,5.67,95.85,102.2
"139",8,"UNC",4,"UCLA",73,66,"UNC","region1",2022,"ACC",29,8,81.9,70.5,70.3,11.46,9.9,14.07,7.29,120.54,90.49,"Pac-12",16,17,66,65.5,66.5,0.52,7.84,-3.73,11.23,107.73,96.87
"140",3,"Purdue",15,"St. Peter's",64,67,"St. Peter's","region1",2022,"Big Ten",34,5,82.3,69,66.7,13.33,11.6,14.65,10.29,126.62,91.31,"MAAC",19,14,64.8,64,66.7,0.82,-5.33,-10.24,5.67,95.85,102.2
"141",8,"UNC",15,"St. Peter's",69,49,"UNC","region1",2022,"ACC",29,8,81.9,70.5,70.3,11.46,9.9,14.07,7.29,120.54,90.49,"MAAC",19,14,64.8,64,66.7,0.82,-5.33,-10.24,5.67,95.85,102.2
"142",1,"Kansas",16,"Texas Southern",83,56,"Kansas","region2",2022,"Big 12",23,11,75.6,69.9,69.5,5.68,11.32,8.37,7.99,115.37,92.19,"SWAC",16,17,70.2,71.1,69.7,-0.91,-7.03,-6.96,-2.13,94.75,107.25
"143",8,"San Diego State",9,"Creighton",69,72,"Creighton","region2",2022,"MWC",26,11,74.1,66.7,65.3,7.43,8.37,4.78,9.9,113.41,92.17,"Big East",25,10,80.4,69.9,68.1,10.54,9.53,12.41,7.66,122.98,94.05
"144",5,"Iowa",12,"Richmond",63,67,"Richmond","region2",2022,"Big Ten",19,15,83.1,79.4,70.3,3.74,9.26,14.77,-1.77,119.89,102.2,"A-10",23,10,71.9,66.3,67.4,5.58,2.09,0.46,7.2,107.87,96.9
"145",4,"Providence",13,"South Dakota State",66,57,"Providence","region2",2022,"Big East",21,14,72.4,68.8,65.9,3.63,8.93,3.51,9.05,109.25,91.75,"Summit",22,13,76.4,71.1,71.7,5.29,-2.7,1.36,-0.84,107.29,105.79
"146",6,"LSU",11,"Iowa State",54,59,"Iowa State","region2",2022,"SEC",17,16,76.4,75,70.4,1.39,6.75,6.57,1.57,111.04,99.45,"Big 12",29,8,75.3,61.5,67.2,13.78,8.51,7.34,14.96,116.88,84.75
"147",3,"Wisconsin",14,"Colgate",67,60,"Wisconsin","region2",2022,"Big Ten",22,14,74.7,70,67,4.67,11.35,7.97,8.05,120.15,96.34,"Patriot",25,10,71.4,64.1,67.6,7.31,-5.55,-3.9,3.59,102.85,103.07
"148",7,"USC",10,"Miami (FL)",66,68,"Miami (FL)","region2",2022,"Pac-12",15,18,74.1,74.3,67.5,-0.18,9.54,5.46,3.9,110.79,97.76,"ACC",15,17,75.8,73.6,67.8,2.13,7.46,6.47,3.12,111.9,99.4
"149",2,"Auburn",15,"Jacksonville State",80,61,"Auburn","region2",2022,"SEC",27,8,83.1,68.3,71.3,14.8,7.66,13.48,8.98,121.57,90.09,"CUSA",14,18,70,66.4,66.9,3.56,-3.14,-7.18,3.63,99.97,104.63
"150",1,"Kansas",9,"Creighton",79,72,"Kansas","region2",2022,"Big 12",23,11,75.6,69.9,69.5,5.68,11.32,8.37,7.99,115.37,92.19,"Big East",25,10,80.4,69.9,68.1,10.54,9.53,12.41,7.66,122.98,94.05
"151",12,"Richmond",4,"Providence",51,79,"Providence","region2",2022,"A-10",23,10,71.9,66.3,67.4,5.58,2.09,0.46,7.2,107.87,96.9,"Big East",21,14,72.4,68.8,65.9,3.63,8.93,3.51,9.05,109.25,91.75
"152",11,"Iowa State",3,"Wisconsin",54,49,"Iowa State","region2",2022,"Big 12",29,8,75.3,61.5,67.2,13.78,8.51,7.34,14.96,116.88,84.75,"Big Ten",22,14,74.7,70,67,4.67,11.35,7.97,8.05,120.15,96.34
"153",10,"Miami (FL)",2,"Auburn",79,61,"Miami (FL)","region2",2022,"ACC",15,17,75.8,73.6,67.8,2.13,7.46,6.47,3.12,111.9,99.4,"SEC",27,8,83.1,68.3,71.3,14.8,7.66,13.48,8.98,121.57,90.09
"154",1,"Kansas",4,"Providence",66,61,"Kansas","region2",2022,"Big 12",23,11,75.6,69.9,69.5,5.68,11.32,8.37,7.99,115.37,92.19,"Big East",21,14,72.4,68.8,65.9,3.63,8.93,3.51,9.05,109.25,91.75
"155",11,"Iowa State",10,"Miami (FL)",56,70,"Miami (FL)","region2",2022,"Big 12",29,8,75.3,61.5,67.2,13.78,8.51,7.34,14.96,116.88,84.75,"ACC",15,17,75.8,73.6,67.8,2.13,7.46,6.47,3.12,111.9,99.4
"156",1,"Kansas",10,"Miami (FL)",76,50,"Kansas","region2",2022,"Big 12",23,11,75.6,69.9,69.5,5.68,11.32,8.37,7.99,115.37,92.19,"ACC",15,17,75.8,73.6,67.8,2.13,7.46,6.47,3.12,111.9,99.4
"157",1,"Arizona",16,"Wright State",87,70,"Arizona","region3",2022,"Pac-12",27,9,87.1,72.1,72.7,15.08,9.45,18.59,5.95,122.12,89.17,"Horizon",18,14,86.5,81.2,70,5.25,-3.62,11.5,-11.73,114.37,115.18
"158",8,"Seton Hall",9,"TCU",42,69,"TCU","region3",2022,"Big East",25,12,73.8,69.9,68.7,3.86,8.8,5.23,7.44,113.62,95.63,"Big 12",21,13,79,71.7,67.2,7.29,7.32,10.56,4.06,114.88,94.91
"159",5,"Houston",12,"UAB",82,68,"Houston","region3",2022,"Big 12",32,5,73.5,57.6,65,15.89,9.8,6.19,19.5,120.4,81.96,"AAC",23,12,77.5,75.1,70.4,2.4,3.73,5.85,-0.71,111.8,104.45
"160",4,"Illinois",13,"Chattanooga",54,53,"Illinois","region3",2022,"Big Ten",29,9,83.4,73.3,67.9,10.03,9.54,16.22,3.34,124.46,96.86,"Southern",21,12,78.2,71.6,66,6.64,-3.85,1.73,-1.93,108.17,108.18
"161",6,"Colorado State",11,"Michigan",63,75,"Michigan","region3",2022,"MWC",25,11,75.2,67.3,66,7.92,7.28,4.71,8.69,115.56,96.01,"Big Ten",8,24,72.9,79,67.5,-6.06,11.34,4.89,0.4,110.96,103.89
"162",3,"Tennessee",14,"Longwood",88,56,"Tennessee","region3",2022,"SEC",27,9,78.8,67.4,68.6,11.39,10.42,9.93,11.88,117.86,87.09,"Big South",21,14,74.7,68.5,67.8,6.26,-4.76,-2.59,0.55,103.26,106.03
"163",7,"Ohio State",10,"Loyola (IL)",54,41,"Ohio State","region3",2022,"Big Ten",22,14,75.5,70.2,65.1,5.28,8.37,6.3,7.35,115.86,96.61,"A-10",23,10,73.1,67.5,65.7,5.58,2.42,0.8,5.78,104.55,94.73
"164",2,"Villanova",15,"Delaware",80,60,"Villanova","region3",2022,"Big East",18,16,70.2,65.6,63.6,4.62,9.82,2.29,12.15,112.93,91.72,"CAA",19,14,73.2,69.7,68,3.55,-4.3,-1.93,0.25,102.5,104.52
"165",1,"Arizona",9,"TCU",85,80,"Arizona","region3",2022,"Pac-12",27,9,87.1,72.1,72.7,15.08,9.45,18.59,5.95,122.12,89.17,"Big 12",21,13,79,71.7,67.2,7.29,7.32,10.56,4.06,114.88,94.91
"166",5,"Houston",4,"Illinois",68,53,"Houston","region3",2022,"Big 12",32,5,73.5,57.6,65,15.89,9.8,6.19,19.5,120.4,81.96,"Big Ten",29,9,83.4,73.3,67.9,10.03,9.54,16.22,3.34,124.46,96.86
"167",11,"Michigan",3,"Tennessee",76,68,"Michigan","region3",2022,"Big Ten",8,24,72.9,79,67.5,-6.06,11.34,4.89,0.4,110.96,103.89,"SEC",27,9,78.8,67.4,68.6,11.39,10.42,9.93,11.88,117.86,87.09
"168",7,"Ohio State",2,"Villanova",61,71,"Villanova","region3",2022,"Big Ten",22,14,75.5,70.2,65.1,5.28,8.37,6.3,7.35,115.86,96.61,"Big East",18,16,70.2,65.6,63.6,4.62,9.82,2.29,12.15,112.93,91.72
"169",1,"Arizona",5,"Houston",60,72,"Houston","region3",2022,"Pac-12",27,9,87.1,72.1,72.7,15.08,9.45,18.59,5.95,122.12,89.17,"Big 12",32,5,73.5,57.6,65,15.89,9.8,6.19,19.5,120.4,81.96
"170",11,"Michigan",2,"Villanova",55,63,"Villanova","region3",2022,"Big Ten",8,24,72.9,79,67.5,-6.06,11.34,4.89,0.4,110.96,103.89,"Big East",18,16,70.2,65.6,63.6,4.62,9.82,2.29,12.15,112.93,91.72
"171",5,"Houston",2,"Villanova",44,50,"Villanova","region3",2022,"Big 12",32,5,73.5,57.6,65,15.89,9.8,6.19,19.5,120.4,81.96,"Big East",18,16,70.2,65.6,63.6,4.62,9.82,2.29,12.15,112.93,91.72
"172",1,"Gonzaga",16,"Georgia State",93,72,"Gonzaga","region4",2022,"WCC",27,8,84.5,69.1,73.8,15.4,4.02,12.87,5.06,122.62,97.22,"Sun Belt",14,17,76.5,74.8,68.6,1.65,-2.59,-0.72,-3.88,103.1,109.54
"173",8,"Boise State",9,"Memphis",53,64,"Memphis","region4",2022,"MWC",22,11,75.1,67.3,64.9,7.82,7.35,5.59,7.73,115.69,95.68,"AAC",22,10,80.5,75.8,71,4.75,4.25,9.94,-0.95,112.77,100.09
"174",5,"UConn",12,"New Mexico State",63,70,"New Mexico State","region4",2022,"Big East",37,3,81.4,63.4,66.8,18,8.7,12.04,14.67,127.65,89.05,"CUSA",13,19,67.7,72.4,68.3,-4.75,0.74,-6.59,-2.03,98.31,111.02
"175",4,"Arkansas",13,"Vermont",75,71,"Arkansas","region4",2022,"SEC",16,17,77.8,79.8,72,-2.03,8.15,7.46,-1.35,109.7,101.34,"AEC",28,7,71.6,63,65.1,8.6,-3.31,-5.3,8.08,104.97,100.48
"176",6,"Alabama",11,"Notre Dame",64,78,"Notre Dame","region4",2022,"SEC",25,12,90.1,81.2,73.2,8.89,11.8,21.71,-1.02,126.91,98.07,"ACC",13,20,64,67.2,65.9,-3.12,8.06,-4.29,9.23,103.33,96.43
"177",3,"Texas Tech",14,"Montana State",97,62,"Texas Tech","region4",2022,"Big 12",23,11,75.3,69.6,67.3,5.68,9.28,7.52,7.44,118.26,96.41,"Big Sky",17,18,75.3,74.5,69.5,0.83,-4.46,-1.15,-4.18,101.63,108.95
"178",7,"Michigan State",10,"Davidson",74,73,"Michigan State","region4",2022,"Big Ten",20,15,72.9,66.1,67.9,6.83,10.89,4.42,13.3,115.32,90.23,"A-10",15,17,70.1,67.9,66.1,2.13,3.3,-1.44,5.07,105.94,100.3
"179",2,"Duke",15,"Cal State Fullerton",78,61,"Duke","region4",2022,"ACC",27,9,78.6,66.3,68.2,12.31,8.36,10.4,10.27,122.91,92.47,"Big West",14,18,67.9,69.1,67.2,-1.25,-1.15,-6.38,1.23,98.55,105.51
"180",1,"Gonzaga",9,"Memphis",82,78,"Gonzaga","region4",2022,"WCC",27,8,84.5,69.1,73.8,15.4,4.02,12.87,5.06,122.62,97.22,"AAC",22,10,80.5,75.8,71,4.75,4.25,9.94,-0.95,112.77,100.09
"181",12,"New Mexico State",4,"Arkansas",48,53,"Arkansas","region4",2022,"CUSA",13,19,67.7,72.4,68.3,-4.75,0.74,-6.59,-2.03,98.31,111.02,"SEC",16,17,77.8,79.8,72,-2.03,8.15,7.46,-1.35,109.7,101.34
"182",11,"Notre Dame",3,"Texas Tech",53,59,"Texas Tech","region4",2022,"ACC",13,20,64,67.2,65.9,-3.12,8.06,-4.29,9.23,103.33,96.43,"Big 12",23,11,75.3,69.6,67.3,5.68,9.28,7.52,7.44,118.26,96.41
"183",7,"Michigan State",2,"Duke",76,85,"Duke","region4",2022,"Big Ten",20,15,72.9,66.1,67.9,6.83,10.89,4.42,13.3,115.32,90.23,"ACC",27,9,78.6,66.3,68.2,12.31,8.36,10.4,10.27,122.91,92.47
"184",1,"Gonzaga",4,"Arkansas",68,74,"Arkansas","region4",2022,"WCC",27,8,84.5,69.1,73.8,15.4,4.02,12.87,5.06,122.62,97.22,"SEC",16,17,77.8,79.8,72,-2.03,8.15,7.46,-1.35,109.7,101.34
"185",3,"Texas Tech",2,"Duke",73,78,"Duke","region4",2022,"Big 12",23,11,75.3,69.6,67.3,5.68,9.28,7.52,7.44,118.26,96.41,"ACC",27,9,78.6,66.3,68.2,12.31,8.36,10.4,10.27,122.91,92.47
"186",4,"Arkansas",2,"Duke",69,78,"Duke","region4",2022,"SEC",16,17,77.8,79.8,72,-2.03,8.15,7.46,-1.35,109.7,101.34,"ACC",27,9,78.6,66.3,68.2,12.31,8.36,10.4,10.27,122.91,92.47
"187",2,"Villanova",1,"Kansas",65,81,"Kansas","final four",2022,"Big East",18,16,70.2,65.6,63.6,4.62,9.82,2.29,12.15,112.93,91.72,"Big 12",23,11,75.6,69.9,69.5,5.68,11.32,8.37,7.99,115.37,92.19
"188",2,"Duke",8,"UNC",77,81,"UNC","final four",2022,"ACC",27,9,78.6,66.3,68.2,12.31,8.36,10.4,10.27,122.91,92.47,"ACC",29,8,81.9,70.5,70.3,11.46,9.9,14.07,7.29,120.54,90.49
"189",1,"Kansas",8,"UNC",72,69,"Kansas","championship",2022,"Big 12",23,11,75.6,69.9,69.5,5.68,11.32,8.37,7.99,115.37,92.19,"ACC",29,8,81.9,70.5,70.3,11.46,9.9,14.07,7.29,120.54,90.49
"190",1,"Duke",16,"North Dakota State",85,62,"Duke","region1",2019,"ACC",32,6,82.7,67.8,73.2,14.92,11.98,17.48,9.41,121.54,84.16,"Summit",19,16,73,72.6,66.8,0.43,-2.07,-1.85,-2.16,105.13,109.98
"191",8,"VCU",9,"UCF",58,73,"UCF","region1",2019,"A-10",25,8,71,61.9,69,9.09,2.87,1.16,10.8,104.02,86.24,"AAC",24,9,72.3,64.5,67.3,7.79,5.58,3.01,10.36,111.75,92
"192",5,"Mississippi State",12,"Liberty",76,80,"Liberty","region1",2019,"SEC",23,11,77.3,70.4,68.6,6.88,9.07,10.03,5.93,117.66,94.21,"A-Sun",29,7,73.7,61.4,65.4,12.36,-3.88,-3.23,8.5,108.83,98.95
"193",4,"Virginia Tech",13,"Saint Louis",66,52,"Virginia Tech","region1",2019,"ACC",26,9,73.5,62.1,64.4,11.49,7.79,6.5,12.79,119.72,90.46,"A-10",23,13,66.6,63.8,67,2.83,2.23,-3.11,8.17,101.73,93.52
"194",6,"Maryland",11,"Belmont",79,77,"Maryland","region1",2019,"Big Ten",23,11,71.4,65.5,66.6,5.91,10.09,5.58,10.43,114.24,90.84,"OVC",27,6,86.9,73.9,74.2,13,-2.6,11.35,-2.23,114.76,101.4
"195",3,"LSU",14,"Yale",79,74,"LSU","region1",2019,"SEC",28,7,80.4,73.1,70.6,7.34,9.16,13.87,2.63,118.04,94.11,"Ivy",22,8,80.9,73.4,72.9,7.5,-1.24,7.97,-2.44,109.75,101.76
"196",7,"Louisville",10,"Minnesota",76,86,"Minnesota","region1",2019,"ACC",20,14,74.6,68.4,68.4,6.24,11.04,8.4,8.88,115.35,90.3,"Big Ten",22,14,70.6,69.4,67.9,1.25,11.27,5.5,7.02,111.51,93.38
"197",2,"Michigan State",15,"Bradley",76,65,"Michigan State","region1",2019,"Big Ten",32,7,77.6,65,68.1,12.59,12.34,12.94,11.99,122.55,86.17,"MVC",20,15,66.5,65.3,66.2,1.26,-0.9,-4.59,4.52,101.66,101.06
"198",1,"Duke",9,"UCF",77,76,"Duke","region1",2019,"ACC",32,6,82.7,67.8,73.2,14.92,11.98,17.48,9.41,121.54,84.16,"AAC",24,9,72.3,64.5,67.3,7.79,5.58,3.01,10.36,111.75,92
"199",12,"Liberty",4,"Virginia Tech",58,67,"Virginia Tech","region1",2019,"A-Sun",29,7,73.7,61.4,65.4,12.36,-3.88,-3.23,8.5,108.83,98.95,"ACC",26,9,73.5,62.1,64.4,11.49,7.79,6.5,12.79,119.72,90.46
"200",6,"Maryland",3,"LSU",67,69,"LSU","region1",2019,"Big Ten",23,11,71.4,65.5,66.6,5.91,10.09,5.58,10.43,114.24,90.84,"SEC",28,7,80.4,73.1,70.6,7.34,9.16,13.87,2.63,118.04,94.11
"201",10,"Minnesota",2,"Michigan State",50,70,"Michigan State","region1",2019,"Big Ten",22,14,70.6,69.4,67.9,1.25,11.27,5.5,7.02,111.51,93.38,"Big Ten",32,7,77.6,65,68.1,12.59,12.34,12.94,11.99,122.55,86.17
"202",1,"Duke",4,"Virginia Tech",75,73,"Duke","region1",2019,"ACC",32,6,82.7,67.8,73.2,14.92,11.98,17.48,9.41,121.54,84.16,"ACC",26,9,73.5,62.1,64.4,11.49,7.79,6.5,12.79,119.72,90.46
"203",3,"LSU",2,"Michigan State",63,80,"Michigan State","region1",2019,"SEC",28,7,80.4,73.1,70.6,7.34,9.16,13.87,2.63,118.04,94.11,"Big Ten",32,7,77.6,65,68.1,12.59,12.34,12.94,11.99,122.55,86.17
"204",1,"Duke",2,"Michigan State",67,68,"Michigan State","region1",2019,"ACC",32,6,82.7,67.8,73.2,14.92,11.98,17.48,9.41,121.54,84.16,"Big Ten",32,7,77.6,65,68.1,12.59,12.34,12.94,11.99,122.55,86.17
"205",1,"UNC",16,"Iona",88,73,"UNC","region2",2019,"ACC",29,7,85.8,73.2,75.9,12.58,11.35,19.81,4.12,120.64,88.24,"MAAC",17,16,76.7,76,71.4,0.73,-5.5,2.92,-7.69,103.93,109.81
"206",8,"Utah State",9,"Washington",61,78,"Washington","region2",2019,"MWC",28,7,78.7,67.1,70,11.54,0.89,6.8,5.17,111.31,93.92,"Pac-12",27,9,69.8,64.8,67.4,5,7.01,1.22,10.79,108.01,90.31
"207",5,"Auburn",12,"New Mexico State",78,77,"Auburn","region2",2019,"SEC",30,10,79.7,68.8,69.2,10.95,10.92,13.12,7.72,121.33,91.64,"WAC",30,5,78.1,64.5,68.3,13.57,-2.38,3.91,6.14,113.05,97.79
"208",4,"Kansas",13,"Northeastern",87,53,"Kansas","region2",2019,"Big 12",26,10,75.7,70.1,70.3,5.56,12.79,10.88,7.47,115.57,89.2,"CAA",23,11,75.4,70.8,66.3,4.65,-0.7,2.73,1.22,109.98,103.6
"209",6,"Iowa State",11,"Ohio State",59,62,"Ohio State","region2",2019,"Big 12",23,12,76.9,68.1,68.2,8.77,9.3,10.5,7.57,119.63,93.06,"Big Ten",20,15,69.1,66.2,66.7,2.89,11,2.84,11.04,110.68,90.57
"210",3,"Houston",14,"Georgia State",84,55,"Houston","region2",2019,"AAC",33,4,75.3,61,67.3,14.3,4.61,6.31,12.6,116.1,88.26,"Sun Belt",24,10,76.4,73.3,71.3,3.15,0.65,3.57,-1.13,106.08,101.81
"211",7,"Wofford",10,"Seton Hall",84,68,"Wofford","region2",2019,"Southern",30,5,82.3,65.6,68.5,16.69,0.8,7.67,6.26,118.28,97.04,"Big East",20,14,73.8,71.9,70.1,1.91,8.34,5.79,4.46,109.58,94.29
"212",2,"Kentucky",15,"Abilene Christian",79,44,"Kentucky","region2",2019,"SEC",30,7,75.8,64.7,67.3,11.14,10.29,8.31,13.12,119.35,87.3,"Southland",27,7,73.6,63.6,67.2,10.03,-7.34,-4.14,2.24,101.19,102.72
"213",1,"UNC",9,"Washington",81,59,"UNC","region2",2019,"ACC",29,7,85.8,73.2,75.9,12.58,11.35,19.81,4.12,120.64,88.24,"Pac-12",27,9,69.8,64.8,67.4,5,7.01,1.22,10.79,108.01,90.31
"214",5,"Auburn",4,"Kansas",89,75,"Auburn","region2",2019,"SEC",30,10,79.7,68.8,69.2,10.95,10.92,13.12,7.72,121.33,91.64,"Big 12",26,10,75.7,70.1,70.3,5.56,12.79,10.88,7.47,115.57,89.2
"215",11,"Ohio State",3,"Houston",59,74,"Houston","region2",2019,"Big Ten",20,15,69.1,66.2,66.7,2.89,11,2.84,11.04,110.68,90.57,"AAC",33,4,75.3,61,67.3,14.3,4.61,6.31,12.6,116.1,88.26
"216",7,"Wofford",2,"Kentucky",56,62,"Kentucky","region2",2019,"Southern",30,5,82.3,65.6,68.5,16.69,0.8,7.67,6.26,118.28,97.04,"SEC",30,7,75.8,64.7,67.3,11.14,10.29,8.31,13.12,119.35,87.3
"217",1,"UNC",5,"Auburn",80,97,"Auburn","region2",2019,"ACC",29,7,85.8,73.2,75.9,12.58,11.35,19.81,4.12,120.64,88.24,"SEC",30,10,79.7,68.8,69.2,10.95,10.92,13.12,7.72,121.33,91.64
"218",3,"Houston",2,"Kentucky",58,62,"Kentucky","region2",2019,"AAC",33,4,75.3,61,67.3,14.3,4.61,6.31,12.6,116.1,88.26,"SEC",30,7,75.8,64.7,67.3,11.14,10.29,8.31,13.12,119.35,87.3
"219",5,"Auburn",2,"Kentucky",77,71,"Auburn","region2",2019,"SEC",30,10,79.7,68.8,69.2,10.95,10.92,13.12,7.72,121.33,91.64,"SEC",30,7,75.8,64.7,67.3,11.14,10.29,8.31,13.12,119.35,87.3
"220",1,"Virginia",16,"Gardner-Webb",71,56,"Virginia","region3",2019,"ACC",35,3,71.4,56.1,60.8,15.32,10.15,5.08,20.38,124.73,85.12,"Big South",23,12,77.7,70.5,68.5,7.14,-4.43,1.19,-3.8,104.02,106.94
"221",8,"Ole Miss",9,"Oklahoma",72,95,"Oklahoma","region3",2019,"SEC",20,13,75.3,71.1,69.2,4.18,8.13,7.75,4.57,113.29,95.13,"Big 12",20,14,71.3,68.2,69.3,3.09,12.21,6.9,8.4,111.39,89.86
"222",5,"Wisconsin",12,"Oregon",54,72,"Oregon","region3",2019,"Big Ten",23,11,68.6,61.7,64.8,6.88,11.01,2.77,15.13,112.42,85.73,"Pac-12",25,13,70,62.2,65.5,7.82,6.13,0.68,13.27,110.14,88.85
"223",4,"Kansas State",13,"UC-Irvine",64,70,"UC-Irvine","region3",2019,"Big 12",25,9,65.8,59.6,64.9,6.21,9.18,-1.44,16.82,108.91,85.76,"Big West",31,6,72.3,63.6,66.2,8.7,-2.3,-0.3,6,105.56,96.14
"224",6,"Villanova",11,"Saint Mary's",61,57,"Villanova","region3",2019,"Big East",26,10,73.7,67.4,65,6.36,7.97,5.02,9.31,117.31,96.22,"WCC",22,12,72.4,64.3,64.3,8.18,4.4,2.16,10.42,115.23,95.57
"225",3,"Purdue",14,"Old Dominion",61,48,"Purdue","region3",2019,"Big Ten",26,10,76.7,67.3,66.1,9.42,11.99,12.29,9.11,123.61,91.72,"CUSA",26,9,65.7,60.8,65.6,4.91,-1.18,-5.84,9.58,100.39,93.82
"226",7,"Cincinnati",10,"Iowa",72,79,"Iowa","region3",2019,"AAC",28,7,71.7,62.7,65,9.03,5.5,2.64,11.9,113.4,91.64,"Big Ten",23,12,78.3,73.9,70.2,4.43,9.84,12.59,1.67,119.12,98.29
"227",2,"Tennessee",15,"Colgate",77,70,"Tennessee","region3",2019,"SEC",31,6,82,69.7,69.4,12.3,10.16,14.69,6.86,123.14,92.14,"Patriot",24,11,75.7,70.2,67.8,5.43,-3.83,1.82,-0.59,107.51,105.18
"228",1,"Virginia",9,"Oklahoma",63,51,"Virginia","region3",2019,"ACC",35,3,71.4,56.1,60.8,15.32,10.15,5.08,20.38,124.73,85.12,"Big 12",20,14,71.3,68.2,69.3,3.09,12.21,6.9,8.4,111.39,89.86
"229",12,"Oregon",13,"UC-Irvine",73,54,"Oregon","region3",2019,"Pac-12",25,13,70,62.2,65.5,7.82,6.13,0.68,13.27,110.14,88.85,"Big West",31,6,72.3,63.6,66.2,8.7,-2.3,-0.3,6,105.56,96.14
"230",6,"Villanova",3,"Purdue",61,87,"Purdue","region3",2019,"Big East",26,10,73.7,67.4,65,6.36,7.97,5.02,9.31,117.31,96.22,"Big Ten",26,10,76.7,67.3,66.1,9.42,11.99,12.29,9.11,123.61,91.72
"231",10,"Iowa",2,"Tennessee",77,83,"Tennessee","region3",2019,"Big Ten",23,12,78.3,73.9,70.2,4.43,9.84,12.59,1.67,119.12,98.29,"SEC",31,6,82,69.7,69.4,12.3,10.16,14.69,6.86,123.14,92.14
"232",1,"Virginia",12,"Oregon",53,49,"Virginia","region3",2019,"ACC",35,3,71.4,56.1,60.8,15.32,10.15,5.08,20.38,124.73,85.12,"Pac-12",25,13,70,62.2,65.5,7.82,6.13,0.68,13.27,110.14,88.85
"233",3,"Purdue",2,"Tennessee",99,94,"Purdue","region3",2019,"Big Ten",26,10,76.7,67.3,66.1,9.42,11.99,12.29,9.11,123.61,91.72,"SEC",31,6,82,69.7,69.4,12.3,10.16,14.69,6.86,123.14,92.14
"234",1,"Virginia",3,"Purdue",80,75,"Virginia","region3",2019,"ACC",35,3,71.4,56.1,60.8,15.32,10.15,5.08,20.38,124.73,85.12,"Big Ten",26,10,76.7,67.3,66.1,9.42,11.99,12.29,9.11,123.61,91.72
"235",1,"Gonzaga",16,"FDU",87,49,"Gonzaga","region4",2019,"WCC",33,4,87.6,64.9,71.7,22.78,5.01,18.57,9.22,125.22,86.27,"NEC",21,14,74.9,71.9,68.7,3,-7.24,-0.7,-5.39,103.14,110.84
"236",8,"Syracuse",9,"Baylor",69,78,"Baylor","region4",2019,"ACC",20,14,69.7,66.1,67.2,3.65,10.09,3.37,10.37,111.42,90.77,"Big 12",20,14,71.8,67.7,66.5,4.12,9.26,5.23,8.15,114.89,94.9
"237",5,"Marquette",12,"Murray State",64,83,"Murray State","region4",2019,"Big East",24,10,77.3,69.5,70.7,7.82,6.96,8.5,6.28,113.04,91.98,"OVC",28,5,82.6,68.3,71.8,14.3,-3.11,6.13,2.83,111.59,98.12
"238",4,"Florida State",13,"Vermont",76,69,"Florida State","region4",2019,"ACC",29,8,74.9,67.2,69.5,7.73,10.26,8.69,9.31,113.4,87.45,"AEC",27,7,73.8,63,66.5,10.74,-4.18,-0.37,5.25,107.78,99.27
"239",6,"Buffalo",11,"Arizona State",91,74,"Buffalo","region4",2019,"MAC (East)",32,4,84.4,70.8,74.5,13.53,2.62,14.35,1.22,114.89,93.68,"Pac-12",23,11,77.6,73.4,72.5,4.24,6.04,8.06,2.22,109.51,94.53
"240",3,"Texas Tech",14,"Northern Kentucky",72,57,"Texas Tech","region4",2019,"Big 12",31,7,72.8,59.5,67.6,13.26,9.53,5.95,16.84,115.44,81.3,"Horizon",26,9,78.5,68.9,70,9.63,-2.39,3.55,1.11,107.98,100.78
"241",7,"Nevada",10,"Florida",61,70,"Florida","region4",2019,"MWC",29,5,80.1,66.8,70.7,13.32,2.68,9.4,6.61,114.62,92.01,"SEC",20,16,67.8,63.6,64.7,4.19,11.22,0.81,14.61,111.92,89.12
"242",2,"Michigan",15,"Montana",74,55,"Michigan","region4",2019,"Big Ten",30,7,69.6,58.3,65.4,11.27,10.55,4.23,17.6,115.33,82.49,"Big Sky",26,9,76.1,68.5,68.6,7.66,-5.05,0.45,1.05,105.67,102.92
"243",1,"Gonzaga",9,"Baylor",83,71,"Gonzaga","region4",2019,"WCC",33,4,87.6,64.9,71.7,22.78,5.01,18.57,9.22,125.22,86.27,"Big 12",20,14,71.8,67.7,66.5,4.12,9.26,5.23,8.15,114.89,94.9
"244",12,"Murray State",4,"Florida State",62,90,"Florida State","region4",2019,"OVC",28,5,82.6,68.3,71.8,14.3,-3.11,6.13,2.83,111.59,98.12,"ACC",29,8,74.9,67.2,69.5,7.73,10.26,8.69,9.31,113.4,87.45
"245",6,"Buffalo",3,"Texas Tech",58,78,"Texas Tech","region4",2019,"MAC (East)",32,4,84.4,70.8,74.5,13.53,2.62,14.35,1.22,114.89,93.68,"Big 12",31,7,72.8,59.5,67.6,13.26,9.53,5.95,16.84,115.44,81.3
"246",10,"Florida",2,"Michigan",49,64,"Michigan","region4",2019,"SEC",20,16,67.8,63.6,64.7,4.19,11.22,0.81,14.61,111.92,89.12,"Big Ten",30,7,69.6,58.3,65.4,11.27,10.55,4.23,17.6,115.33,82.49
"247",1,"Gonzaga",4,"Florida State",72,58,"Gonzaga","region4",2019,"WCC",33,4,87.6,64.9,71.7,22.78,5.01,18.57,9.22,125.22,86.27,"ACC",29,8,74.9,67.2,69.5,7.73,10.26,8.69,9.31,113.4,87.45
"248",3,"Texas Tech",2,"Michigan",63,44,"Texas Tech","region4",2019,"Big 12",31,7,72.8,59.5,67.6,13.26,9.53,5.95,16.84,115.44,81.3,"Big Ten",30,7,69.6,58.3,65.4,11.27,10.55,4.23,17.6,115.33,82.49
"249",1,"Gonzaga",3,"Texas Tech",69,75,"Texas Tech","region4",2019,"WCC",33,4,87.6,64.9,71.7,22.78,5.01,18.57,9.22,125.22,86.27,"Big 12",31,7,72.8,59.5,67.6,13.26,9.53,5.95,16.84,115.44,81.3
"250",1,"Virginia",5,"Auburn",63,62,"Virginia","final four",2019,"ACC",35,3,71.4,56.1,60.8,15.32,10.15,5.08,20.38,124.73,85.12,"SEC",30,10,79.7,68.8,69.2,10.95,10.92,13.12,7.72,121.33,91.64
"251",3,"Texas Tech",2,"Michigan State",61,51,"Texas Tech","final four",2019,"Big 12",31,7,72.8,59.5,67.6,13.26,9.53,5.95,16.84,115.44,81.3,"Big Ten",32,7,77.6,65,68.1,12.59,12.34,12.94,11.99,122.55,86.17
"252",1,"Virginia",3,"Texas Tech",85,77,"Virginia","championship",2019,"ACC",35,3,71.4,56.1,60.8,15.32,10.15,5.08,20.38,124.73,85.12,"Big 12",31,7,72.8,59.5,67.6,13.26,9.53,5.95,16.84,115.44,81.3
"253",1,"Villanova",16,"Radford",87,61,"Villanova","region1",2018,"Big East",36,4,86.6,70.2,65,16.4,10.24,17.8,8.84,127.92,89.79,"Big South",23,13,67.3,64.9,66.5,2.39,-4.09,-7.39,4.78,100.36,102.62
"254",8,"Virginia Tech",9,"Alabama",83,86,"Alabama","region1",2018,"ACC",21,12,79.8,72.2,64.4,7.64,6.71,10.46,3.89,116.67,95.92,"SEC",20,16,72.3,70.6,69.8,1.69,10.64,4.15,8.19,109.43,91.63
"255",5,"West Virginia",12,"Murray State",85,68,"West Virginia","region1",2018,"Big 12",26,11,80.1,69.6,71.7,10.51,9.38,12.47,7.42,119.29,91.07,"OVC",26,6,78.6,66.2,71.8,12.44,-3.53,2.89,3.99,111.29,99.6
"256",4,"Wichita State",13,"Marshall",75,81,"Marshall","region1",2018,"AAC",25,8,82.8,71.6,69.3,11.12,5.46,12.81,3.77,119.96,96.32,"CUSA",25,11,83.8,79.1,76.3,4.67,0.44,10.29,-6.08,107.5,100.84
"257",6,"Florida",11,"St. Bonaventure",77,62,"Florida","region1",2018,"SEC",21,13,75.8,69.2,64.7,6.59,10.08,8.15,8.52,115.62,91.51,"A-10",26,8,77.1,70.8,65.1,6.26,2.61,5.9,2.97,109.69,95.99
"258",3,"Texas Tech",14,"Stephen F. Austin",70,60,"Texas Tech","region1",2018,"Big 12",27,10,74.6,64.8,67.6,9.78,9.6,5.29,14.09,113.74,85.68,"Southland",28,7,80.5,68.2,69.8,12.37,-6.47,1.51,1.16,102.31,98.01
"259",7,"Arkansas",10,"Butler",62,79,"Butler","region1",2018,"SEC",23,12,80.5,75.6,71.7,4.91,9.85,11.86,2.91,117.25,96.6,"Big East",21,14,78.9,72.6,67.1,6.37,10.55,9.68,7.24,116.31,91.85
"260",2,"Purdue",15,"Cal State Fullerton",74,48,"Purdue","region1",2018,"Big Ten",30,7,80.4,65.7,66.1,14.68,8.74,12.91,10.5,123.33,89.6,"Big West",20,12,72.4,70.2,70.3,2.28,-1.03,-0.27,-0.66,100.5,100.77
"261",1,"Villanova",9,"Alabama",81,58,"Villanova","region1",2018,"Big East",36,4,86.6,70.2,65,16.4,10.24,17.8,8.84,127.92,89.79,"SEC",20,16,72.3,70.6,69.8,1.69,10.64,4.15,8.19,109.43,91.63
"262",5,"West Virginia",13,"Marshall",94,71,"West Virginia","region1",2018,"Big 12",26,11,80.1,69.6,71.7,10.51,9.38,12.47,7.42,119.29,91.07,"CUSA",25,11,83.8,79.1,76.3,4.67,0.44,10.29,-6.08,107.5,100.84
"263",6,"Florida",3,"Texas Tech",66,69,"Texas Tech","region1",2018,"SEC",21,13,75.8,69.2,64.7,6.59,10.08,8.15,8.52,115.62,91.51,"Big 12",27,10,74.6,64.8,67.6,9.78,9.6,5.29,14.09,113.74,85.68
"264",10,"Butler",2,"Purdue",73,76,"Purdue","region1",2018,"Big East",21,14,78.9,72.6,67.1,6.37,10.55,9.68,7.24,116.31,91.85,"Big Ten",30,7,80.4,65.7,66.1,14.68,8.74,12.91,10.5,123.33,89.6
"265",1,"Villanova",5,"West Virginia",90,78,"Villanova","region1",2018,"Big East",36,4,86.6,70.2,65,16.4,10.24,17.8,8.84,127.92,89.79,"Big 12",26,11,80.1,69.6,71.7,10.51,9.38,12.47,7.42,119.29,91.07
"266",3,"Texas Tech",2,"Purdue",78,65,"Texas Tech","region1",2018,"Big 12",27,10,74.6,64.8,67.6,9.78,9.6,5.29,14.09,113.74,85.68,"Big Ten",30,7,80.4,65.7,66.1,14.68,8.74,12.91,10.5,123.33,89.6
"267",1,"Villanova",3,"Texas Tech",71,59,"Villanova","region1",2018,"Big East",36,4,86.6,70.2,65,16.4,10.24,17.8,8.84,127.92,89.79,"Big 12",27,10,74.6,64.8,67.6,9.78,9.6,5.29,14.09,113.74,85.68
"268",1,"Kansas",16,"Penn",76,60,"Kansas","region2",2018,"Big 12",31,8,81.4,71.9,70.3,9.51,11.88,13.58,7.81,122.39,91.96,"Ivy",24,9,75.9,68.9,69.1,7.03,-3.16,0.03,2.22,101.47,97.35
"269",8,"Seton Hall",9,"NC State",94,83,"Seton Hall","region2",2018,"Big East",22,12,79.4,73.9,70.1,5.56,10.11,10.68,4.99,116.65,94.04,"ACC",21,12,81.3,75.1,71.8,6.21,6.7,12.67,0.24,115.98,97.53
"270",5,"Clemson",12,"New Mexico State",79,68,"Clemson","region2",2018,"ACC",25,10,73.8,65.9,67.3,7.91,9.25,4.91,12.25,113.61,88.21,"WAC",28,6,75.6,64.2,68.3,11.44,-1.1,1.87,7.19,107.29,93.41
"271",4,"Auburn",13,"College of Charleston",62,58,"Auburn","region2",2018,"SEC",26,8,81.9,73.2,69.2,8.68,7.29,12.84,3.13,115.61,93,"CAA",26,8,74.6,68.6,66.3,6.03,-3.29,-1.6,3.43,106.32,101.88
"272",6,"TCU",11,"Syracuse",52,57,"Syracuse","region2",2018,"Big 12",21,12,82.1,75.4,69.4,6.7,9.68,13.36,3.02,120.04,96.55,"ACC",23,14,66.6,63.8,67.2,2.86,10.02,-2.38,15.26,107.08,87.58
"273",3,"Michigan State",14,"Bucknell",82,78,"Michigan State","region2",2018,"Big Ten",30,5,80.2,64.9,68.1,15.31,7.1,10.72,11.69,121.35,88.55,"Patriot",25,10,81.1,73.1,71.4,7.94,-3.46,6.85,-2.36,107.31,100.39
"274",7,"Rhode Island",10,"Oklahoma",83,78,"Rhode Island","region2",2018,"A-10",26,8,76,68.8,68.2,7.21,4.61,4.97,6.84,111.11,93.46,"Big 12",18,14,84.9,81.7,69.3,3.25,10.56,17.15,-3.34,115.96,96.7
"275",2,"Duke",15,"Iona",89,67,"Duke","region2",2018,"ACC",29,8,84.4,69.6,73.2,14.73,9.7,16.41,8.02,123.93,88.6,"MAAC",20,14,79.5,76.5,71.4,2.94,-2.19,5.7,-4.95,108.12,106
"276",1,"Kansas",8,"Seton Hall",83,79,"Kansas","region2",2018,"Big 12",31,8,81.4,71.9,70.3,9.51,11.88,13.58,7.81,122.39,91.96,"Big East",22,12,79.4,73.9,70.1,5.56,10.11,10.68,4.99,116.65,94.04
"277",5,"Clemson",4,"Auburn",84,53,"Clemson","region2",2018,"ACC",25,10,73.8,65.9,67.3,7.91,9.25,4.91,12.25,113.61,88.21,"SEC",26,8,81.9,73.2,69.2,8.68,7.29,12.84,3.13,115.61,93
"278",11,"Syracuse",3,"Michigan State",55,53,"Syracuse","region2",2018,"ACC",23,14,66.6,63.8,67.2,2.86,10.02,-2.38,15.26,107.08,87.58,"Big Ten",30,5,80.2,64.9,68.1,15.31,7.1,10.72,11.69,121.35,88.55
"279",7,"Rhode Island",2,"Duke",62,87,"Duke","region2",2018,"A-10",26,8,76,68.8,68.2,7.21,4.61,4.97,6.84,111.11,93.46,"ACC",29,8,84.4,69.6,73.2,14.73,9.7,16.41,8.02,123.93,88.6
"280",1,"Kansas",5,"Clemson",80,76,"Kansas","region2",2018,"Big 12",31,8,81.4,71.9,70.3,9.51,11.88,13.58,7.81,122.39,91.96,"ACC",25,10,73.8,65.9,67.3,7.91,9.25,4.91,12.25,113.61,88.21
"281",11,"Syracuse",2,"Duke",65,69,"Duke","region2",2018,"ACC",23,14,66.6,63.8,67.2,2.86,10.02,-2.38,15.26,107.08,87.58,"ACC",29,8,84.4,69.6,73.2,14.73,9.7,16.41,8.02,123.93,88.6
"282",1,"Kansas",2,"Duke",85,81,"Kansas","region2",2018,"Big 12",31,8,81.4,71.9,70.3,9.51,11.88,13.58,7.81,122.39,91.96,"ACC",29,8,84.4,69.6,73.2,14.73,9.7,16.41,8.02,123.93,88.6
"283",1,"Virginia",16,"UMBC",54,74,"UMBC","region3",2018,"ACC",31,3,67.1,54,60.8,13.15,9.05,-1.75,23.95,115.92,80.94,"AEC",25,11,73.1,68.5,68.8513740886147,1.31185081323612,-3.84,-0.284722378014582,-0.256023555804823,105.6,99
"284",8,"Creighton",9,"Kansas State",59,69,"Kansas State","region3",2018,"Big East",21,12,83.5,74.1,70.2,9.45,8.1,12.82,3.53,117.37,94.26,"Big 12",25,12,71.1,67,64.9,4.11,8.74,1.46,11.38,110.73,91.61
"285",5,"Kentucky",12,"Davidson",78,73,"Kentucky","region3",2018,"SEC",26,11,76.8,70.2,67.3,6.51,10.73,9.26,7.98,116.16,91.12,"A-10",21,12,76.3,67.9,66.1,8.45,2.57,5.42,5.61,118.15,100.16
"286",4,"Arizona",13,"Buffalo",68,89,"Buffalo","region3",2018,"Pac-12",27,8,80.5,71.7,68.6,8.83,6.84,10.25,5.42,119.31,96.27,"MAC (East)",27,9,84.6,76.2,74.5,8.47,0.25,11.64,-3.66,112.66,100.78
"287",6,"Miami (FL)",11,"Loyola (IL)",62,64,"Loyola (IL)","region3",2018,"ACC",22,10,73.8,67.9,68.5,5.88,6.96,4.56,8.27,111.55,92.38,"MVC",32,6,71.6,62.6,63.7,9.05,1.8,0.65,9.72,110.59,93.84
"288",3,"Tennessee",14,"Wright State",73,47,"Tennessee","region3",2018,"SEC",26,9,73.8,65.7,69.4,8.09,10.12,5.78,12.42,115.38,88.25,"Horizon",25,10,71.4,65.9,67.4,5.51,-3.64,-4.33,4.91,97.86,95.69
"289",7,"Nevada",10,"Texas",87,83,"Nevada","region3",2018,"MWC",29,8,82.6,73.1,70.7,9.51,4.93,12.64,1.8,119.02,97.88,"Big 12",19,15,72.1,68.8,66.4,3.29,10.67,3.68,10.28,110.26,90
"290",2,"Cincinnati",15,"Georgia State",68,53,"Cincinnati","region3",2018,"AAC",31,5,74.3,57.5,65,16.72,3.53,3.05,17.2,113.38,82.87,"Sun Belt",24,11,74.7,67.3,71.3,7.37,-2.78,0.04,3.18,106,99.93
"291",16,"UMBC",9,"Kansas State",43,50,"Kansas State","region3",2018,"AEC",25,11,73.1,68.5,68.8513740886147,1.31185081323612,-3.84,-0.284722378014582,-0.256023555804823,105.6,99,"Big 12",25,12,71.1,67,64.9,4.11,8.74,1.46,11.38,110.73,91.61
"292",5,"Kentucky",13,"Buffalo",95,75,"Kentucky","region3",2018,"SEC",26,11,76.8,70.2,67.3,6.51,10.73,9.26,7.98,116.16,91.12,"MAC (East)",27,9,84.6,76.2,74.5,8.47,0.25,11.64,-3.66,112.66,100.78
"293",11,"Loyola (IL)",3,"Tennessee",63,62,"Loyola (IL)","region3",2018,"MVC",32,6,71.6,62.6,63.7,9.05,1.8,0.65,9.72,110.59,93.84,"SEC",26,9,73.8,65.7,69.4,8.09,10.12,5.78,12.42,115.38,88.25
"294",7,"Nevada",2,"Cincinnati",75,73,"Nevada","region3",2018,"MWC",29,8,82.6,73.1,70.7,9.51,4.93,12.64,1.8,119.02,97.88,"AAC",31,5,74.3,57.5,65,16.72,3.53,3.05,17.2,113.38,82.87
"295",9,"Kansas State",5,"Kentucky",61,58,"Kansas State","region3",2018,"Big 12",25,12,71.1,67,64.9,4.11,8.74,1.46,11.38,110.73,91.61,"SEC",26,11,76.8,70.2,67.3,6.51,10.73,9.26,7.98,116.16,91.12
"296",11,"Loyola (IL)",7,"Nevada",69,68,"Loyola (IL)","region3",2018,"MVC",32,6,71.6,62.6,63.7,9.05,1.8,0.65,9.72,110.59,93.84,"MWC",29,8,82.6,73.1,70.7,9.51,4.93,12.64,1.8,119.02,97.88
"297",9,"Kansas State",11,"Loyola (IL)",62,78,"Loyola (IL)","region3",2018,"Big 12",25,12,71.1,67,64.9,4.11,8.74,1.46,11.38,110.73,91.61,"MVC",32,6,71.6,62.6,63.7,9.05,1.8,0.65,9.72,110.59,93.84
"298",1,"Xavier",16,"Texas Southern",102,83,"Xavier","region4",2018,"Big East",29,6,84.4,74.7,66.5,9.63,9.43,15.18,3.88,121.03,94.08,"SWAC",16,20,77.4,79.4,76.3,-2,-5.53,2.19,-9.71,101.48,110.91
"299",8,"Missouri",9,"Florida State",54,67,"Florida State","region4",2018,"SEC",20,13,72.7,68.1,66.1,4.64,9.19,4.1,9.71,112.73,92.5,"ACC",23,12,80.2,72.9,69.5,7.29,8.5,12,3.78,114.82,92.47
"300",5,"Ohio State",12,"South Dakota State",81,73,"Ohio State","region4",2018,"Big Ten",25,9,76.2,67.6,66.7,8.65,9.02,7.67,10,116.79,90.38,"Summit",28,7,84.5,74.3,72.8,10.26,-0.38,8.68,-1.84,111.87,101.55
"301",4,"Gonzaga",13,"UNC Greensboro",68,64,"Gonzaga","region4",2018,"WCC",32,5,83.5,67.7,71.7,15.84,2.6,12.4,6.04,118.31,91.42,"Southern",27,8,73.2,62.5,69.9,10.66,-3.87,-3.77,8.3,102.85,94.43
"302",6,"Houston",11,"San Diego State",67,65,"Houston","region4",2018,"AAC",27,8,76.7,64.9,67.3,11.83,4.16,7.34,8.65,114.31,90.59,"MWC",22,11,77.1,67.9,68.9,9.24,3.91,4.84,7.39,110.6,92.77
"303",3,"Michigan",14,"Montana",61,47,"Michigan","region4",2018,"Big Ten",33,8,73.6,63.3,65.4,10.32,9.41,4.22,14.81,114.94,86.75,"Big Sky",26,8,77.2,68.5,68.6,8.71,-2.24,2.31,3.97,106.22,96.64
"304",7,"Texas A&M",10,"Providence",73,69,"Texas A&M","region4",2018,"SEC",22,13,75.2,70.5,69.4,4.69,10.62,6.36,8.95,111.39,89.51,"Big East",21,14,73.6,72.7,68.8,0.89,10.23,3.47,7.65,108.9,92.55
"305",2,"UNC",15,"Lipscomb",84,66,"UNC","region4",2018,"ACC",26,11,81.6,73.3,75.9,8.3,11.78,15.41,4.66,119.93,91.4,"A-Sun",23,10,82.1,77.7,74.9,4.36,-3.8,4.74,-6.84,100.62,102.25
"306",1,"Xavier",9,"Florida State",70,75,"Florida State","region4",2018,"Big East",29,6,84.4,74.7,66.5,9.63,9.43,15.18,3.88,121.03,94.08,"ACC",23,12,80.2,72.9,69.5,7.29,8.5,12,3.78,114.82,92.47
"307",5,"Ohio State",4,"Gonzaga",84,90,"Gonzaga","region4",2018,"Big Ten",25,9,76.2,67.6,66.7,8.65,9.02,7.67,10,116.79,90.38,"WCC",32,5,83.5,67.7,71.7,15.84,2.6,12.4,6.04,118.31,91.42
"308",6,"Houston",3,"Michigan",63,64,"Michigan","region4",2018,"AAC",27,8,76.7,64.9,67.3,11.83,4.16,7.34,8.65,114.31,90.59,"Big Ten",33,8,73.6,63.3,65.4,10.32,9.41,4.22,14.81,114.94,86.75
"309",7,"Texas A&M",2,"UNC",86,65,"Texas A&M","region4",2018,"SEC",22,13,75.2,70.5,69.4,4.69,10.62,6.36,8.95,111.39,89.51,"ACC",26,11,81.6,73.3,75.9,8.3,11.78,15.41,4.66,119.93,91.4
"310",9,"Florida State",4,"Gonzaga",75,60,"Florida State","region4",2018,"ACC",23,12,80.2,72.9,69.5,7.29,8.5,12,3.78,114.82,92.47,"WCC",32,5,83.5,67.7,71.7,15.84,2.6,12.4,6.04,118.31,91.42
"311",3,"Michigan",7,"Texas A&M",99,72,"Michigan","region4",2018,"Big Ten",33,8,73.6,63.3,65.4,10.32,9.41,4.22,14.81,114.94,86.75,"SEC",22,13,75.2,70.5,69.4,4.69,10.62,6.36,8.95,111.39,89.51
"312",9,"Florida State",3,"Michigan",54,58,"Michigan","region4",2018,"ACC",23,12,80.2,72.9,69.5,7.29,8.5,12,3.78,114.82,92.47,"Big Ten",33,8,73.6,63.3,65.4,10.32,9.41,4.22,14.81,114.94,86.75
"313",1,"Villanova",1,"Kansas",95,79,"Villanova","final four",2018,"Big East",36,4,86.6,70.2,65,16.4,10.24,17.8,8.84,127.92,89.79,"Big 12",31,8,81.4,71.9,70.3,9.51,11.88,13.58,7.81,122.39,91.96
"314",11,"Loyola (IL)",3,"Michigan",57,69,"Michigan","final four",2018,"MVC",32,6,71.6,62.6,63.7,9.05,1.8,0.65,9.72,110.59,93.84,"Big Ten",33,8,73.6,63.3,65.4,10.32,9.41,4.22,14.81,114.94,86.75
"315",1,"Villanova",3,"Michigan",79,62,"Villanova","championship",2018,"Big East",36,4,86.6,70.2,65,16.4,10.24,17.8,8.84,127.92,89.79,"Big Ten",33,8,73.6,63.3,65.4,10.32,9.41,4.22,14.81,114.94,86.75
